date,open,high,low,close,volume,source
2025-02-27,1410.0,1496.2,1410.0,1428.0,6840.0,backfill_api
2025-03-02,1431.0,1450.0,1419.0,1434.0,9603.0,backfill_api
2025-03-03,1460.0,1460.0,1433.0,1440.0,10880.0,backfill_api
2025-03-04,1440.1,1468.0,1420.1,1426.4,6896.0,backfill_api
2025-03-05,1425.0,1425.0,1404.0,1406.1,3140.0,backfill_api
2025-03-06,1406.0,1423.0,1406.0,1407.0,3894.0,backfill_api
2025-03-09,1400.0,1400.0,1386.0,1390.0,4971.0,backfill_api
2025-03-10,1381.2,1400.0,1381.0,1382.0,3618.0,backfill_api
2025-03-11,1376.0,1390.0,1375.0,1375.0,2986.0,backfill_api
2025-03-12,1370.0,1390.0,1370.0,1388.0,2109.0,backfill_api
2025-03-16,1372.0,1389.0,1360.0,1368.0,4506.0,backfill_api
2025-03-17,1341.2,1384.0,1341.2,1366.0,2497.0,backfill_api
2025-03-18,1366.0,1373.0,1350.0,1362.0,3376.0,backfill_api
2025-03-19,1370.0,1370.0,1340.0,1354.9,2903.0,backfill_api
2025-03-20,1342.0,1353.0,1342.0,1346.67,2773.0,backfill_api
2025-03-23,1360.0,1365.0,1309.0,1311.71,7555.0,backfill_api
2025-03-24,1315.0,1350.0,1313.0,1326.71,3443.0,backfill_api
2025-03-25,1325.0,1326.7,1305.0,1312.92,4278.0,backfill_api
2025-03-26,1334.0,1339.0,1315.0,1331.45,2761.0,backfill_api
2025-03-27,1315.0,1349.0,1315.0,1342.89,3562.0,backfill_api
2025-03-30,1320.0,1369.7,1320.0,1356.51,2679.0,backfill_api
2025-04-01,1356.0,1356.0,1335.0,1345.0,2137.0,backfill_api
2025-04-02,1326.0,1345.0,1326.0,1336.47,1547.0,backfill_api
2025-04-03,1330.0,1350.0,1330.0,1335.75,2201.0,backfill_api
2025-04-07,1315.0,1339.9,1315.0,1321.18,2968.0,backfill_api
2025-04-08,1320.0,1320.0,1315.0,1316.98,5711.0,backfill_api
2025-04-09,1315.0,1337.5,1313.0,1318.07,4122.0,backfill_api
2025-04-10,1320.0,1341.0,1314.1,1320.14,3965.0,backfill_api
2025-04-13,1314.2,1325.0,1314.2,1319.98,4901.0,backfill_api
2025-04-15,1316.0,1330.0,1316.0,1322.26,3625.0,backfill_api
2025-04-16,1335.0,1335.0,1317.0,1321.85,3169.0,backfill_api
2025-04-17,1345.0,1345.0,1320.0,1331.59,4673.0,backfill_api
2025-04-20,1320.1,1357.0,1320.1,1329.64,2788.0,backfill_api
2025-04-21,1310.0,1334.0,1310.0,1325.05,2875.0,backfill_api
2025-04-22,1322.1,1330.0,1315.0,1317.67,3332.0,backfill_api
2025-04-23,1310.0,1318.8,1310.0,1314.55,3374.0,backfill_api
2025-04-24,1310.0,1315.0,1302.0,1309.13,3690.0,backfill_api
2025-04-27,1309.13,1315.0,1300.0,1303.24,5440.0,backfill_api
2025-04-28,1315.0,1320.0,1300.0,1301.96,2677.0,backfill_api
2025-04-29,1300.0,1305.0,1290.0,1290.73,5546.0,backfill_api
2025-04-30,1270.7,1296.0,1270.7,1286.66,2983.0,backfill_api
2025-05-04,1300.0,1305.0,1280.1,1283.01,6528.0,backfill_api
2025-05-05,1289.0,1289.9,1281.0,1283.74,3301.0,backfill_api
2025-05-06,1290.0,1300.0,1283.0,1284.53,2549.0,backfill_api
2025-05-07,1310.0,1310.0,1286.0,1299.7,6719.0,backfill_api
2025-05-08,1300.0,1300.0,1293.0,1297.75,4396.0,backfill_api
2025-05-11,1291.0,1305.0,1291.0,1299.26,2762.0,backfill_api
2025-05-13,1300.0,1306.0,1290.0,1290.98,5494.0,backfill_api
2025-05-14,1316.0,1316.0,1284.1,1291.54,5907.0,backfill_api
2025-05-15,1290.0,1301.0,1285.1,1297.33,4875.0,backfill_api
2025-05-18,1288.1,1309.0,1288.0,1300.84,3873.0,backfill_api
2025-05-19,1310.0,1310.0,1274.0,1294.32,11991.0,backfill_api
2025-05-20,1272.0,1300.0,1272.0,1297.77,3005.0,backfill_api
2025-05-21,1323.7,1335.0,1299.0,1299.17,5432.0,backfill_api
2025-05-22,1301.0,1324.0,1291.1,1316.44,9203.0,backfill_api
2025-05-25,1318.0,1343.0,1318.0,1337.06,10235.0,backfill_api
2025-05-26,1363.8,1363.8,1330.0,1330.38,7600.0,backfill_api
2025-05-27,1330.0,1330.0,1304.0,1317.71,3488.0,backfill_api
2025-05-28,1320.0,1325.0,1302.0,1306.2,3743.0,backfill_api
2025-06-02,1306.0,1341.0,1302.0,1305.18,6143.0,backfill_api
2025-06-03,1300.0,1310.0,1300.0,1301.02,4528.0,backfill_api
2025-06-04,1296.5,1305.0,1296.0,1297.33,4235.0,backfill_api
2025-06-05,1290.0,1315.0,1290.0,1291.73,4799.0,backfill_api
2025-06-08,1287.0,1295.0,1286.0,1290.75,3789.0,backfill_api
2025-06-09,1291.1,1299.9,1290.0,1291.97,3291.0,backfill_api
2025-06-10,1291.1,1315.0,1291.0,1294.06,4133.0,backfill_api
2025-06-11,1316.0,1316.0,1294.0,1295.94,3526.0,backfill_api
2025-06-12,1291.0,1300.0,1290.0,1293.56,5107.0,backfill_api
2025-06-15,1299.0,1299.0,1280.0,1282.8,5203.0,backfill_api
2025-06-16,1282.1,1298.0,1282.0,1284.45,4532.0,backfill_api
2025-06-17,1279.0,1309.0,1279.0,1290.26,5159.0,backfill_api
2025-06-18,1315.0,1315.0,1287.0,1291.91,3825.0,backfill_api
2025-06-19,1280.1,1300.0,1280.1,1283.94,6548.0,backfill_api
2025-06-22,1272.0,1300.0,1272.0,1281.91,10673.0,backfill_api
2025-06-23,1299.9,1300.0,1281.1,1284.48,2226.0,backfill_api
2025-06-24,1290.0,1302.0,1284.0,1298.61,9410.0,backfill_api
2025-06-25,1286.1,1300.1,1286.1,1290.24,4150.0,backfill_api
2025-06-26,1285.1,1303.0,1285.1,1295.28,6501.0,backfill_api
2025-06-29,1290.1,1320.0,1290.0,1311.91,11579.0,backfill_api
2025-06-30,1312.0,1329.0,1312.0,1315.08,4532.0,backfill_api
2025-07-01,1315.08,1340.0,1311.0,1336.24,7491.0,backfill_api
2025-07-02,1340.0,1350.0,1321.0,1334.4,10625.0,backfill_api
2025-07-03,1335.0,1342.9,1323.0,1341.42,5509.0,backfill_api
2025-07-06,1350.0,1365.0,1333.0,1342.02,14404.0,backfill_api
2025-07-07,1338.0,1347.9,1330.5,1332.61,4057.0,backfill_api
2025-07-08,1329.0,1330.0,1314.0,1319.94,3305.0,backfill_api
2025-07-09,1320.0,1346.0,1320.0,1326.85,6836.0,backfill_api
2025-07-10,1346.0,1359.0,1336.0,1350.75,8878.0,backfill_api
2025-07-13,1360.0,1485.0,1360.0,1480.62,48881.0,backfill_api
2025-07-14,1505.0,1510.0,1460.0,1487.38,39237.0,backfill_api
2025-07-15,1487.0,1509.5,1481.1,1496.78,12621.0,backfill_api
2025-07-16,1500.0,1515.0,1495.0,1497.27,17412.0,backfill_api
2025-07-17,1508.9,1527.1,1500.0,1509.18,18725.0,backfill_api
2025-07-20,1539.3,1539.3,1490.0,1501.52,27416.0,backfill_api
2025-07-21,1481.0,1515.0,1476.0,1506.0,23701.0,backfill_api
2025-07-22,1506.0,1580.6,1491.0,1547.86,25554.0,backfill_api
2025-07-23,1550.0,1550.0,1527.0,1534.46,20736.0,backfill_api
2025-07-24,1535.1,1539.7,1506.0,1521.35,12087.0,backfill_api
2025-07-27,1520.0,1549.0,1515.0,1516.57,24665.0,backfill_api
2025-07-28,1510.2,1520.0,1480.0,1508.57,21859.0,backfill_api
2025-07-29,1538.0,1568.0,1512.0,1525.2,18680.0,backfill_api
2025-07-30,1545.0,1545.0,1480.0,1481.57,21333.0,backfill_api
2025-07-31,1478.0,1508.0,1455.0,1459.58,25960.0,backfill_api
2025-08-03,1451.0,1451.0,1415.0,1416.17,23545.0,backfill_api
2025-08-04,1444.2,1444.3,1400.0,1426.71,8482.0,backfill_api
2025-08-05,1427.0,1501.0,1410.5,1444.23,12215.0,backfill_api
2025-08-06,1444.23,1475.0,1435.0,1470.46,12564.0,backfill_api
2025-08-07,1470.0,1498.0,1470.0,1470.77,5347.0,backfill_api
2025-08-11,1475.0,1475.0,1427.0,1432.2,9448.0,backfill_api
2025-08-12,1425.0,1440.0,1416.0,1423.01,8097.0,backfill_api
2025-08-13,1420.0,1470.0,1420.0,1450.51,13039.0,backfill_api
2025-08-14,1450.51,1470.0,1426.0,1457.28,7654.0,backfill_api
2025-08-17,1486.4,1490.0,1450.0,1451.86,23076.0,backfill_api
2025-08-18,1440.0,1474.0,1440.0,1468.63,7683.0,backfill_api
2025-08-19,1495.0,1497.5,1465.0,1475.18,13246.0,backfill_api
2025-08-20,1465.0,1487.9,1460.0,1464.88,13325.0,backfill_api
2025-08-21,1452.0,1472.4,1452.0,1465.29,5897.0,backfill_api
2025-08-24,1455.0,1474.2,1455.0,1467.23,7367.0,backfill_api
2025-08-25,1496.5,1554.0,1485.0,1505.7,52420.0,backfill_api
2025-08-26,1511.0,1525.0,1495.0,1495.95,9733.0,backfill_api
2025-08-27,1496.1,1507.0,1489.0,1501.21,12647.0,backfill_api
2025-08-28,1501.21,1501.21,1480.0,1487.17,10356.0,backfill_api
2025-08-31,1490.0,1499.0,1465.0,1465.98,10391.0,backfill_api
2025-09-01,1460.0,1466.1,1450.0,1464.24,4605.0,backfill_api
2025-09-02,1435.0,1470.0,1435.0,1447.85,5335.0,backfill_api
2025-09-03,1447.85,1457.0,1427.9,1430.05,5921.0,backfill_api
2025-09-04,1425.0,1440.0,1421.0,1429.35,7024.0,backfill_api
2025-09-07,1420.0,1440.0,1420.0,1431.1,4051.0,backfill_api
2025-09-08,1410.0,1432.0,1406.0,1416.89,8754.0,backfill_api
2025-09-18,1390.0,1390.0,1305.2,1314.0,2292.0,backfill_api
2025-09-21,1310.0,1432.0,1294.9,1396.61,15706.0,backfill_api
2025-09-23,1391.0,1430.0,1390.0,1420.1,7855.0,backfill_api
2025-09-24,1420.1,1430.0,1410.0,1420.0,2539.0,backfill_api
2025-09-25,1420.0,1446.0,1420.0,1446.0,4310.0,backfill_api
2025-09-28,1472.0,1472.0,1445.0,1469.0,2905.0,backfill_api
2025-10-07,1450.0,1460.0,1411.2,1449.0,7995.0,backfill_api
2025-10-08,1424.0,1426.0,1395.2,1406.0,7009.0,backfill_api
2025-10-09,1406.0,1462.0,1406.0,1413.0,6448.0,backfill_api
2025-10-12,1400.0,1400.0,1375.0,1377.0,5991.0,backfill_api
2025-10-13,1380.0,1399.8,1376.1,1390.0,3028.0,backfill_api
2025-10-14,1388.0,1392.0,1380.0,1381.0,3912.0,backfill_api
2025-10-15,1381.0,1400.0,1370.0,1376.0,3296.0,backfill_api
2025-10-16,1376.0,1379.0,1351.0,1366.0,4347.0,backfill_api
2025-10-19,1350.2,1380.0,1350.0,1370.0,2840.0,backfill_api
2025-10-26,1362.0,1380.0,1362.0,1370.0,2497.0,backfill_api
2025-10-28,1368.0,1418.0,1368.0,1417.0,4412.0,backfill_api
2025-10-29,1400.0,1420.0,1395.1,1415.0,4275.0,backfill_api
2025-10-30,1401.0,1420.0,1387.2,1419.0,2911.0,backfill_api
2025-11-02,1406.0,1447.0,1406.0,1435.0,5641.0,backfill_api
2025-11-03,1432.0,1450.0,1424.0,1430.0,4330.0,backfill_api
2025-11-04,1430.0,1430.0,1402.0,1406.0,3096.0,backfill_api
2025-11-05,1410.0,1420.0,1399.0,1410.0,3014.0,backfill_api
2025-11-06,1419.0,1430.0,1411.0,1419.1,3610.0,backfill_api
2025-11-09,1419.1,1420.0,1400.0,1410.1,5598.0,backfill_api
2025-11-10,1419.0,1438.0,1386.0,1438.0,8908.0,backfill_api
2025-11-11,1448.0,1467.0,1420.0,1445.0,9985.0,backfill_api
2025-11-12,1469.0,1469.0,1418.1,1423.0,8387.0,backfill_api
2025-11-13,1423.0,1450.0,1405.1,1430.0,6777.0,backfill_api
2025-11-16,1440.0,1450.0,1421.0,1432.0,2745.0,backfill_api
2025-11-17,1411.0,1451.0,1410.0,1450.0,7765.0,backfill_api
2025-11-18,1450.0,1470.0,1450.0,1460.0,13524.0,backfill_api
2025-11-19,1465.0,1480.0,1457.1,1480.0,13213.0,backfill_api
2025-11-20,1466.0,1539.1,1465.1,1510.0,26407.0,backfill_api
2025-11-23,1480.0,1548.0,1480.0,1547.0,35340.0,backfill_api
2025-11-24,1560.0,1638.0,1560.0,1600.0,53882.0,backfill_api
2025-11-25,1600.0,1600.0,1541.0,1587.9,21075.0,backfill_api
2025-11-26,1556.3,1590.0,1556.2,1560.0,19734.0,backfill_api
2025-11-27,1555.0,1569.0,1541.0,1542.0,12587.0,backfill_api
2025-11-30,1542.0,1558.0,1511.4,1511.4,22673.0,backfill_api
2025-12-01,1507.0,1536.0,1507.0,1525.0,15801.0,backfill_api
2025-12-02,1530.0,1549.0,1520.0,1520.0,11082.0,backfill_api
2025-12-03,1505.0,1644.0,1505.0,1505.2,22895.0,backfill_api
2025-12-07,1505.0,1514.0,1471.0,1480.0,17096.0,backfill_api
2025-12-08,1470.0,1500.0,1470.0,1497.0,8648.0,backfill_api
2025-12-09,1476.0,1499.0,1476.0,1490.0,7913.0,backfill_api
2025-12-10,1486.0,1497.0,1463.0,1465.2,11960.0,backfill_api
2025-12-11,1465.0,1490.0,1461.0,1467.0,4555.0,backfill_api
2025-12-14,1466.0,1487.0,1440.0,1449.4,18169.0,backfill_api
2025-12-15,1449.0,1520.0,1440.0,1442.0,7317.0,backfill_api
2025-12-16,1445.0,1464.0,1420.0,1442.0,10001.0,backfill_api
2025-12-17,1420.2,1460.0,1420.2,1432.0,9112.0,backfill_api
2025-12-18,1460.6,1460.6,1428.0,1429.0,6081.0,backfill_api
2025-12-21,1430.0,1438.0,1400.0,1425.0,12603.0,backfill_api
2025-12-22,1400.1,1420.0,1385.0,1408.0,7372.0,backfill_api
2025-12-23,1401.0,1447.9,1401.0,1420.0,3764.0,backfill_api
2025-12-24,1440.0,1444.0,1427.0,1430.0,6390.0,backfill_api
2025-12-28,1448.0,1458.0,1435.3,1439.0,7431.0,backfill_api
2025-12-29,1465.0,1470.0,1446.0,1456.0,13794.0,backfill_api
2025-12-31,1476.0,1476.0,1450.0,1465.5,5268.0,backfill_api
2026-01-01,1451.0,1480.0,1451.0,1470.1,8277.0,backfill_api
2026-01-04,1477.0,1495.0,1470.0,1480.1,28239.0,backfill_api
2026-01-05,1324.2,1324.2,1299.0,1324.0,14938.0,backfill_api
2026-01-06,1330.0,1456.0,1320.0,1456.0,34353.0,backfill_api
2026-01-07,1426.9,1426.9,1344.0,1360.0,38021.0,backfill_api
2026-01-08,1367.0,1367.0,1340.0,1343.0,5533.0,backfill_api
2026-01-12,1355.0,1446.0,1331.0,1332.1,6018.0,backfill_api
2026-01-13,1344.0,1345.0,1321.0,1322.0,5545.0,backfill_api
2026-01-14,1322.0,1330.0,1300.0,1313.0,10079.0,backfill_api
2026-01-18,1313.0,1339.0,1313.0,1335.0,7160.0,backfill_api
2026-01-20,1347.0,1359.8,1328.0,1340.0,12560.0,backfill_api
2026-01-21,1340.0,1359.0,1327.0,1332.0,4897.0,backfill_api
2026-01-22,1330.0,1339.0,1305.6,1321.0,10892.0,backfill_api
2026-01-25,1322.1,1350.0,1322.1,1349.4,9893.0,backfill_api
2026-01-26,1370.0,1370.0,1330.2,1343.0,11152.0,backfill_api
2026-01-27,1316.6,1350.0,1316.6,1330.0,10791.0,backfill_api
2026-01-28,1330.0,1344.9,1318.1,1326.1,8068.0,backfill_api
2026-01-29,1320.1,1344.7,1319.1,1322.1,8941.0,backfill_api
2026-02-01,1318.0,1335.0,1317.1,1325.0,6529.0,backfill_api
2026-02-02,1325.0,1329.0,1318.0,1323.0,3868.0,backfill_api
2026-02-03,1335.0,1340.0,1310.0,1310.0,6912.0,backfill_api
2026-02-04,1310.0,1325.0,1310.0,1311.6,3204.0,backfill_api
2026-02-05,1312.0,1320.0,1305.0,1307.4,7226.0,backfill_api
2026-02-08,1330.0,1345.0,1310.1,1317.8,5129.0,backfill_api
2026-02-09,1344.1,1350.0,1307.0,1318.0,7777.0,backfill_api
2026-02-10,1325.0,1342.0,1310.0,1313.0,11665.0,backfill_api
2026-02-11,1339.2,1339.2,1300.0,1315.0,8469.0,backfill_api
2026-02-12,1312.0,1325.0,1307.0,1316.0,5937.0,backfill_api
2026-02-16,1335.0,1335.0,1308.3,1313.0,6230.0,backfill_api
2026-02-17,1312.0,1315.0,1310.0,1313.9,5352.0,backfill_api
2026-02-22,1313.9,1313.9,1295.1,1300.0,21464.0,backfill_api
2026-02-23,1294.0,1313.0,1294.0,1299.2,6142.0,backfill_api
2026-02-24,1299.2,1318.0,1296.5,1306.0,3905.0,backfill_api
2026-02-25,1304.0,1320.0,1300.1,1320.0,3932.0,backfill_api
2026-02-26,1320.0,1325.0,1300.0,1310.0,8600.0,backfill_api
2026-03-01,1315.0,1321.5,1300.0,1321.0,6173.0,backfill_api
2026-03-03,1321.0,1344.9,1321.0,1339.0,5850.0,backfill_api
2026-03-09,1365.0,1419.0,1365.0,1419.0,145.0,backfill_api
2026-03-10,1447.3,1476.2,1380.0,1393.0,22381.0,backfill_api
2026-03-11,1372.0,1390.0,1365.0,1365.5,12256.0,backfill_api
2026-03-12,1366.0,1370.0,1340.0,1370.0,6908.0,backfill_api
2026-03-15,1375.0,1390.1,1370.0,1377.0,8744.0,backfill_api
2026-03-16,1377.1,1379.0,1365.0,1365.0,4070.0,backfill_api
2026-03-17,1370.0,1370.0,1360.0,1366.0,5658.0,backfill_api
2026-03-19,1380.0,1390.0,1366.0,1371.5,9794.0,backfill_api
2026-03-22,1379.0,1425.9,1379.0,1416.0,22181.0,backfill_api
2026-03-23,1435.0,1439.9,1404.0,1410.1,8305.0,backfill_api
2026-03-24,1434.0,1434.0,1391.1,1398.9,12592.0,backfill_api
2026-03-25,1395.0,1395.0,1380.1,1384.0,10449.0,backfill_api
2026-03-26,1385.0,1390.0,1375.0,1382.5,9718.0,backfill_api
2026-03-29,1410.1,1410.1,1360.3,1365.0,19838.0,backfill_api
2026-03-30,1370.0,1374.1,1338.0,1339.1,11568.0,backfill_api
2026-03-31,1339.1,1346.0,1316.0,1345.0,11973.0,backfill_api
2026-04-01,1346.0,1347.1,1304.0,1315.0,11983.0,backfill_api
2026-04-02,1300.1,1325.0,1290.0,1313.0,10006.0,backfill_api
2026-04-05,1295.0,1305.0,1270.0,1273.0,22084.0,backfill_api
2026-04-06,1248.0,1312.9,1248.0,1307.0,12132.0,backfill_api
2026-04-07,1285.0,1331.0,1285.0,1295.0,6572.0,backfill_api
2026-04-08,1320.9,1338.0,1300.0,1315.0,5118.0,backfill_api
2026-04-09,1341.0,1341.0,1315.1,1339.0,5940.0,backfill_api
2026-04-10,1339.0,1339.0,1310.0,1317.0,8367.0,backfill_api
2026-04-13,1301.0,1328.0,1301.0,1307.0,9513.0,backfill_api
2026-04-15,1280.9,1332.0,1280.9,1305.0,8253.0,backfill_api
2026-04-16,1305.0,1310.0,1293.3,1296.0,6741.0,backfill_api
2026-04-17,1300.0,1300.0,1280.0,1295.0,6864.0,backfill_api
2026-04-20,1300.0,1300.0,1281.5,1289.9,3969.0,backfill_api
2026-04-21,1289.9,1303.1,1282.2,1288.0,5204.0,backfill_api
2026-04-22,1280.6,1290.0,1276.1,1280.0,6682.0,backfill_api
2026-04-23,1285.0,1290.0,1271.0,1275.7,3643.0,backfill_api
2026-04-24,1219.9,1285.0,1219.9,1273.0,3709.0,backfill_api
2026-04-27,1273.0,1285.0,1273.0,1278.0,2192.0,backfill_api
2026-04-28,1278.0,1290.0,1277.0,1277.0,5198.0,backfill_api
2026-04-29,1277.0,1280.0,1270.0,1270.1,4917.0,backfill_api
2026-04-30,1280.0,1280.9,1265.0,1268.0,4483.0,backfill_api
2026-05-04,1255.0,1285.0,1255.0,1255.0,6475.0,backfill_api
2026-05-05,1275.0,1282.0,1248.0,1282.0,7246.0,backfill_api
2026-05-06,1282.0,1299.9,1282.0,1299.0,4150.0,backfill_api
2026-05-07,1300.0,1319.0,1295.0,1315.0,9221.0,backfill_api
2026-05-08,1330.0,1334.0,1305.0,1309.0,3969.0,backfill_api
2026-05-11,1310.0,1320.0,1310.0,1320.0,5977.0,backfill_api
2026-05-12,1321.0,1329.8,1302.0,1305.0,8151.0,backfill_api
2026-05-13,1295.0,1305.0,1291.0,1300.0,3488.0,backfill_api
2026-05-14,1305.0,1375.0,1297.0,1315.0,5978.0,backfill_api
2026-05-15,1315.0,1315.0,1297.0,1305.0,5604.0,backfill_api
2026-05-18,1296.0,1310.0,1296.0,1299.0,3992.0,backfill_api
2026-05-19,1299.0,1323.0,1296.0,1303.0,3260.0,backfill_api
2026-05-20,1298.0,1315.0,1298.0,1306.1,5803.0,backfill_api
2026-05-21,1307.0,1309.0,1302.0,1302.0,3818.0,backfill_api
2026-05-22,1302.0,1305.0,1296.0,1302.0,5332.0,backfill_api
2026-05-25,1305.0,1325.0,1305.0,1310.0,4118.0,backfill_api
2026-05-26,1310.0,1317.9,1304.0,1309.0,2993.0,backfill_api
2026-05-27,1374.4,1374.4,1309.0,1313.8,3953.0,backfill_api
2026-06-01,1320.0,1320.0,1293.0,1295.0,5971.0,backfill_api
2026-06-02,1282.0,1305.0,1282.0,1295.0,3053.0,backfill_api
2026-06-03,1295.0,1315.0,1291.1,1308.9,3324.0,backfill_api
2026-06-04,1301.0,1310.0,1287.2,1300.0,11598.0,backfill_api
2026-06-05,1300.0,1310.0,1290.6,1297.0,2616.0,backfill_api
2026-06-08,1248.0,1296.0,1248.0,1290.0,4512.0,backfill_api
2026-06-09,1260.0,1290.0,1260.0,1289.9,3705.0,backfill_api
2026-06-10,1289.9,1300.0,1267.0,1276.0,9902.0,backfill_api
2026-06-11,1274.0,1289.9,1272.0,1278.0,2834.0,backfill_api
2026-06-12,1265.0,1285.0,1265.0,1275.0,4966.0,backfill_api
2026-06-15,1290.0,1290.0,1265.1,1269.0,3797.0,backfill_api
2026-06-16,1268.0,1271.0,1265.0,1269.0,4187.0,backfill_api
2026-06-17,1260.0,1290.0,1260.0,1270.0,2190.0,backfill_api
2026-06-18,1270.0,1289.0,1260.0,1263.0,3010.0,backfill_api
2026-06-19,1264.0,1285.0,1260.5,1265.0,2741.0,backfill_api
2026-06-22,1266.3,1285.0,1265.0,1271.0,3762.0,backfill_api
2026-06-23,1261.0,1280.0,1261.0,1264.0,2017.0,backfill_api
2026-06-24,1220.0,1263.0,1220.0,1260.0,3544.0,backfill_api
2026-06-25,1250.1,1260.0,1250.1,1257.0,2068.0,backfill_api
2026-06-26,1257.0,1265.0,1251.2,1261.0,2726.0,backfill_api
2026-06-29,1261.0,1261.0,1250.0,1251.0,4376.0,backfill_api
2026-06-30,1244.1,1250.0,1236.0,1236.0,5868.0,backfill_api
2026-07-01,1236.0,1249.7,1225.1,1247.0,5400.0,backfill_api
2026-07-02,1247.0,1258.0,1240.0,1253.0,2293.0,backfill_api
2026-07-03,1240.0,1260.0,1240.0,1245.0,6043.0,backfill_api
2026-07-06,1234.1,1244.0,1234.1,1236.0,3827.0,backfill_api
2026-07-07,1249.9,1250.0,1235.3,1240.0,4173.0,backfill_api
2026-07-08,1235.7,1245.0,1235.0,1239.5,2922.0,backfill_api
2026-07-09,1225.0,1240.0,1225.0,1231.0,3616.0,backfill_api
2026-07-10,1240.0,1250.0,1232.0,1235.0,3574.0,backfill_api
2026-07-13,1230.0,1239.9,1225.1,1226.0,4029.0,backfill_api
2026-07-14,1220.0,1252.0,1220.0,1245.0,5613.0,backfill_api
2026-07-15,1245.0,1261.0,1245.0,1250.0,1411.0,backfill_api
2026-07-16,1230.0,1260.0,1230.0,1250.0,1473.0,backfill_api
2026-07-17,1250.0,1300.0,1250.0,1296.9,6153.0,backfill_api
2026-07-20,1278.0,1309.0,1278.0,1299.8,4938.0,backfill_api
2026-07-21,1281.0,1309.0,1270.0,1289.0,4138.0,backfill_api
2026-07-22,1255.1,1292.6,1255.0,1275.3,2109.0,backfill_api
2026-07-23,1270.0,1293.0,1267.1,1289.0,2765.0,daily_scrape
2026-07-24,1255.0,1291.9,1255.0,1283.0,3348.0,daily_scrape
2026-07-27,1265.0,1290.0,1265.0,1280.0,2801.0,daily_scrape
2026-07-28,1270.0,1279.0,1265.1,1267.1,1612.0,daily_scrape
2026-07-30,1260.0,1269.0,1255.1,1255.1,2062.0,daily_scrape
2026-07-31,1246.0,1283.8,1246.0,1282.0,1652.0,daily_scrape
2026-08-03,1260.0,1290.0,1260.0,1274.0,2776.0,daily_scrape
2026-08-04,1274.0,1274.0,1250.6,1262.1,2190.0,daily_scrape
2026-08-05,1260.0,1263.0,1255.0,1261.0,3508.0,daily_scrape
2026-08-06,1260.0,1274.9,1251.0,1260.0,4808.0,daily_scrape
